Title,Summary,classification
Artificial Intelligence Research 1,"The topic of Artificial Intelligence is highly important in the field of computer science. Covers all areas of AI except Vision, Robotics, Machine Learning, Multiagent Systems, and Computation and Language (Natural Language Processing), which have separate subject areas. In particular, includes Expert Systems, Theorem Proving (although this may overlap with Logic in Computer Science), Knowledge Representation, Planning, and Uncertainty in AI. This field is evolving rapidly, influencing various industries and research domains. Experts in Artificial Intelligence focus on improving and solving challenges in this area to drive technological advancements. From academic research to practical applications, the domain of Artificial Intelligence plays a significant role in shaping future technologies. The relevance of Artificial Intelligence continues to grow, and it is widely regarded as one of the pivotal areas in modern computing. Research in Artificial Intelligence often includes cutting-edge techniques and methodologies.","Artificial Intelligence, Computation and Language, Multiagent Systems"
Computation and Language Research 2,"The topic of Computation and Language is highly important in the field of computer science. Covers natural language processing. Roughly includes material in ACM Subject Class I.2.7. Note that work on artificial languages (programming languages, logics, formal systems) that does not explicitly address natural-language issues broadly construed (natural-language processing, computational linguistics, speech, text retrieval, etc.) is not appropriate for this area. This field is evolving rapidly, influencing various industries and research domains. Experts in Computation and Language focus on improving and solving challenges in this area to drive technological advancements. From academic research to practical applications, the domain of Computation and Language plays a significant role in shaping future technologies. The relevance of Computation and Language continues to grow, and it is widely regarded as one of the pivotal areas in modern computing. Research in Computation and Language often includes cutting-edge techniques and methodologies.","Computation and Language, Artificial Intelligence, Software Engineering"
Computer Vision and Pattern Recognition Research 3,"The topic of Computer Vision and Pattern Recognition is highly important in the field of computer science. Covers image processing, computer vision, pattern recognition, and scene understanding. Roughly includes material in ACM Subject Classes I.2.10, I.4, and I.5. This field is evolving rapidly, influencing various industries and research domains. Experts in Computer Vision and Pattern Recognition focus on improving and solving challenges in this area to drive technological advancements. From academic research to practical applications, the domain of Computer Vision and Pattern Recognition plays a significant role in shaping future technologies. The relevance of Computer Vision and Pattern Recognition continues to grow, and it is widely regarded as one of the pivotal areas in modern computing. Research in Computer Vision and Pattern Recognition often includes cutting-edge techniques and methodologies.","Computer Vision and Pattern Recognition, Artificial Intelligence, Computation and Language"
Databases Research 4,"The topic of Databases is highly important in the field of computer science. Covers database management, datamining, and data processing. This field is evolving rapidly, influencing various industries and research domains. Experts in Databases focus on improving and solving challenges in this area to drive technological advancements. From academic research to practical applications, the domain of Databases plays a significant role in shaping future technologies. The relevance of Databases continues to grow, and it is widely regarded as one of the pivotal areas in modern computing. Research in Databases often includes cutting-edge techniques and methodologies.","Databases, Computation and Language, Networking and Internet Architecture"
Data Structures and Algorithms Research 5,"The topic of Data Structures and Algorithms is highly important in the field of computer science. Covers data structures and analysis of algorithms. This field is evolving rapidly, influencing various industries and research domains. Experts in Data Structures and Algorithms focus on improving and solving challenges in this area to drive technological advancements. From academic research to practical applications, the domain of Data Structures and Algorithms plays a significant role in shaping future technologies. The relevance of Data Structures and Algorithms continues to grow, and it is widely regarded as one of the pivotal areas in modern computing. Research in Data Structures and Algorithms often includes cutting-edge techniques and methodologies.","Data Structures and Algorithms, Networking and Internet Architecture, Software Engineering"
Human-Computer Interaction Research 6,"The topic of Human-Computer Interaction is highly important in the field of computer science. Covers human factors, user interfaces, and collaborative computing. Roughly includes material in ACM Subject Classes H.1.2 and all of H.5, except for H.5.1, which is more likely to have Multimedia as the primary subject area. This field is evolving rapidly, influencing various industries and research domains. Experts in Human-Computer Interaction focus on improving and solving challenges in this area to drive technological advancements. From academic research to practical applications, the domain of Human-Computer Interaction plays a significant role in shaping future technologies. The relevance of Human-Computer Interaction continues to grow, and it is widely regarded as one of the pivotal areas in modern computing. Research in Human-Computer Interaction often includes cutting-edge techniques and methodologies.","Human-Computer Interaction, Computation and Language, Artificial Intelligence"
Machine Learning Research 7,"The topic of Machine Learning is highly important in the field of computer science. Papers on all aspects of machine learning research (supervised, unsupervised, reinforcement learning, bandit problems, and so on) including also robustness, explanation, fairness, and methodology. cs.LG is also an appropriate primary category for applications of machine learning methods. This field is evolving rapidly, influencing various industries and research domains. Experts in Machine Learning focus on improving and solving challenges in this area to drive technological advancements. From academic research to practical applications, the domain of Machine Learning plays a significant role in shaping future technologies. The relevance of Machine Learning continues to grow, and it is widely regarded as one of the pivotal areas in modern computing. Research in Machine Learning often includes cutting-edge techniques and methodologies.","Machine Learning, Artificial Intelligence, Computation and Language"
Multiagent Systems Research 8,"The topic of Multiagent Systems is highly important in the field of computer science. Covers multiagent systems, distributed artificial intelligence, intelligent agents, coordinated interactions. and practical applications. This field is evolving rapidly, influencing various industries and research domains. Experts in Multiagent Systems focus on improving and solving challenges in this area to drive technological advancements. From academic research to practical applications, the domain of Multiagent Systems plays a significant role in shaping future technologies. The relevance of Multiagent Systems continues to grow, and it is widely regarded as one of the pivotal areas in modern computing. Research in Multiagent Systems often includes cutting-edge techniques and methodologies.","Multiagent Systems, Artificial Intelligence, Computation and Language"
Networking and Internet Architecture Research 9,"The topic of Networking and Internet Architecture is highly important in the field of computer science. Covers all aspects of computer communication networks, including network architecture and design, network protocols, and internetwork standards (like TCP/IP). Also includes topics, such as web caching, that are directly relevant to Internet architecture and performance. This field is evolving rapidly, influencing various industries and research domains. Experts in Networking and Internet Architecture focus on improving and solving challenges in this area to drive technological advancements. From academic research to practical applications, the domain of Networking and Internet Architecture plays a significant role in shaping future technologies. The relevance of Networking and Internet Architecture continues to grow, and it is widely regarded as one of the pivotal areas in modern computing. Research in Networking and Internet Architecture often includes cutting-edge techniques and methodologies.","Networking and Internet Architecture, Computation and Language, Artificial Intelligence"
Software Engineering Research 10,"The topic of Software Engineering is highly important in the field of computer science. Covers design tools, software metrics, testing and debugging, programming environments, etc. Roughly includes material in all of ACM Subject Classes D.2, except that D.2.4 (program verification) should probably have Logics in Computer Science as the primary subject area. This field is evolving rapidly, influencing various industries and research domains. Experts in Software Engineering focus on improving and solving challenges in this area to drive technological advancements. From academic research to practical applications, the domain of Software Engineering plays a significant role in shaping future technologies. The relevance of Software Engineering continues to grow, and it is widely regarded as one of the pivotal areas in modern computing. Research in Software Engineering often includes cutting-edge techniques and methodologies.","Software Engineering, Human-Computer Interaction, Computation and Language"
Artificial Intelligence Research 11,"The topic of Artificial Intelligence is highly important in the field of computer science. Covers all areas of AI except Vision, Robotics, Machine Learning, Multiagent Systems, and Computation and Language (Natural Language Processing), which have separate subject areas. In particular, includes Expert Systems, Theorem Proving (although this may overlap with Logic in Computer Science), Knowledge Representation, Planning, and Uncertainty in AI. This field is evolving rapidly, influencing various industries and research domains. Experts in Artificial Intelligence focus on improving and solving challenges in this area to drive technological advancements. From academic research to practical applications, the domain of Artificial Intelligence plays a significant role in shaping future technologies. The relevance of Artificial Intelligence continues to grow, and it is widely regarded as one of the pivotal areas in modern computing. Research in Artificial Intelligence often includes cutting-edge techniques and methodologies.","Artificial Intelligence, Computation and Language, Multiagent Systems"
Computation and Language Research 12,"The topic of Computation and Language is highly important in the field of computer science. Covers natural language processing. Roughly includes material in ACM Subject Class I.2.7. Note that work on artificial languages (programming languages, logics, formal systems) that does not explicitly address natural-language issues broadly construed (natural-language processing, computational linguistics, speech, text retrieval, etc.) is not appropriate for this area. This field is evolving rapidly, influencing various industries and research domains. Experts in Computation and Language focus on improving and solving challenges in this area to drive technological advancements. From academic research to practical applications, the domain of Computation and Language plays a significant role in shaping future technologies. The relevance of Computation and Language continues to grow, and it is widely regarded as one of the pivotal areas in modern computing. Research in Computation and Language often includes cutting-edge techniques and methodologies.","Computation and Language, Artificial Intelligence, Software Engineering"
Computer Vision and Pattern Recognition Research 13,"The topic of Computer Vision and Pattern Recognition is highly important in the field of computer science. Covers image processing, computer vision, pattern recognition, and scene understanding. Roughly includes material in ACM Subject Classes I.2.10, I.4, and I.5. This field is evolving rapidly, influencing various industries and research domains. Experts in Computer Vision and Pattern Recognition focus on improving and solving challenges in this area to drive technological advancements. From academic research to practical applications, the domain of Computer Vision and Pattern Recognition plays a significant role in shaping future technologies. The relevance of Computer Vision and Pattern Recognition continues to grow, and it is widely regarded as one of the pivotal areas in modern computing. Research in Computer Vision and Pattern Recognition often includes cutting-edge techniques and methodologies.","Computer Vision and Pattern Recognition, Artificial Intelligence, Computation and Language"
Databases Research 14,"The topic of Databases is highly important in the field of computer science. Covers database management, datamining, and data processing. This field is evolving rapidly, influencing various industries and research domains. Experts in Databases focus on improving and solving challenges in this area to drive technological advancements. From academic research to practical applications, the domain of Databases plays a significant role in shaping future technologies. The relevance of Databases continues to grow, and it is widely regarded as one of the pivotal areas in modern computing. Research in Databases often includes cutting-edge techniques and methodologies.","Databases, Networking and Internet Architecture, Computation and Language"
Data Structures and Algorithms Research 15,"The topic of Data Structures and Algorithms is highly important in the field of computer science. Covers data structures and analysis of algorithms. This field is evolving rapidly, influencing various industries and research domains. Experts in Data Structures and Algorithms focus on improving and solving challenges in this area to drive technological advancements. From academic research to practical applications, the domain of Data Structures and Algorithms plays a significant role in shaping future technologies. The relevance of Data Structures and Algorithms continues to grow, and it is widely regarded as one of the pivotal areas in modern computing. Research in Data Structures and Algorithms often includes cutting-edge techniques and methodologies.","Data Structures and Algorithms, Networking and Internet Architecture, Software Engineering"
Human-Computer Interaction Research 16,"The topic of Human-Computer Interaction is highly important in the field of computer science. Covers human factors, user interfaces, and collaborative computing. Roughly includes material in ACM Subject Classes H.1.2 and all of H.5, except for H.5.1, which is more likely to have Multimedia as the primary subject area. This field is evolving rapidly, influencing various industries and research domains. Experts in Human-Computer Interaction focus on improving and solving challenges in this area to drive technological advancements. From academic research to practical applications, the domain of Human-Computer Interaction plays a significant role in shaping future technologies. The relevance of Human-Computer Interaction continues to grow, and it is widely regarded as one of the pivotal areas in modern computing. Research in Human-Computer Interaction often includes cutting-edge techniques and methodologies.","Human-Computer Interaction, Computation and Language, Artificial Intelligence"
Machine Learning Research 17,"The topic of Machine Learning is highly important in the field of computer science. Papers on all aspects of machine learning research (supervised, unsupervised, reinforcement learning, bandit problems, and so on) including also robustness, explanation, fairness, and methodology. cs.LG is also an appropriate primary category for applications of machine learning methods. This field is evolving rapidly, influencing various industries and research domains. Experts in Machine Learning focus on improving and solving challenges in this area to drive technological advancements. From academic research to practical applications, the domain of Machine Learning plays a significant role in shaping future technologies. The relevance of Machine Learning continues to grow, and it is widely regarded as one of the pivotal areas in modern computing. Research in Machine Learning often includes cutting-edge techniques and methodologies.","Machine Learning, Artificial Intelligence, Computation and Language"
Multiagent Systems Research 18,"The topic of Multiagent Systems is highly important in the field of computer science. Covers multiagent systems, distributed artificial intelligence, intelligent agents, coordinated interactions. and practical applications. This field is evolving rapidly, influencing various industries and research domains. Experts in Multiagent Systems focus on improving and solving challenges in this area to drive technological advancements. From academic research to practical applications, the domain of Multiagent Systems plays a significant role in shaping future technologies. The relevance of Multiagent Systems continues to grow, and it is widely regarded as one of the pivotal areas in modern computing. Research in Multiagent Systems often includes cutting-edge techniques and methodologies.","Multiagent Systems, Artificial Intelligence, Computation and Language"
Networking and Internet Architecture Research 19,"The topic of Networking and Internet Architecture is highly important in the field of computer science. Covers all aspects of computer communication networks, including network architecture and design, network protocols, and internetwork standards (like TCP/IP). Also includes topics, such as web caching, that are directly relevant to Internet architecture and performance. This field is evolving rapidly, influencing various industries and research domains. Experts in Networking and Internet Architecture focus on improving and solving challenges in this area to drive technological advancements. From academic research to practical applications, the domain of Networking and Internet Architecture plays a significant role in shaping future technologies. The relevance of Networking and Internet Architecture continues to grow, and it is widely regarded as one of the pivotal areas in modern computing. Research in Networking and Internet Architecture often includes cutting-edge techniques and methodologies.","Networking and Internet Architecture, Computation and Language, Artificial Intelligence"
Software Engineering Research 20,"The topic of Software Engineering is highly important in the field of computer science. Covers design tools, software metrics, testing and debugging, programming environments, etc. Roughly includes material in all of ACM Subject Classes D.2, except that D.2.4 (program verification) should probably have Logics in Computer Science as the primary subject area. This field is evolving rapidly, influencing various industries and research domains. Experts in Software Engineering focus on improving and solving challenges in this area to drive technological advancements. From academic research to practical applications, the domain of Software Engineering plays a significant role in shaping future technologies. The relevance of Software Engineering continues to grow, and it is widely regarded as one of the pivotal areas in modern computing. Research in Software Engineering often includes cutting-edge techniques and methodologies.","Software Engineering, Human-Computer Interaction, Computation and Language"
Artificial Intelligence Research 21,"The topic of Artificial Intelligence is highly important in the field of computer science. Covers all areas of AI except Vision, Robotics, Machine Learning, Multiagent Systems, and Computation and Language (Natural Language Processing), which have separate subject areas. In particular, includes Expert Systems, Theorem Proving (although this may overlap with Logic in Computer Science), Knowledge Representation, Planning, and Uncertainty in AI. This field is evolving rapidly, influencing various industries and research domains. Experts in Artificial Intelligence focus on improving and solving challenges in this area to drive technological advancements. From academic research to practical applications, the domain of Artificial Intelligence plays a significant role in shaping future technologies. The relevance of Artificial Intelligence continues to grow, and it is widely regarded as one of the pivotal areas in modern computing. Research in Artificial Intelligence often includes cutting-edge techniques and methodologies.","Artificial Intelligence, Computation and Language, Multiagent Systems"
Computation and Language Research 22,"The topic of Computation and Language is highly important in the field of computer science. Covers natural language processing. Roughly includes material in ACM Subject Class I.2.7. Note that work on artificial languages (programming languages, logics, formal systems) that does not explicitly address natural-language issues broadly construed (natural-language processing, computational linguistics, speech, text retrieval, etc.) is not appropriate for this area. This field is evolving rapidly, influencing various industries and research domains. Experts in Computation and Language focus on improving and solving challenges in this area to drive technological advancements. From academic research to practical applications, the domain of Computation and Language plays a significant role in shaping future technologies. The relevance of Computation and Language continues to grow, and it is widely regarded as one of the pivotal areas in modern computing. Research in Computation and Language often includes cutting-edge techniques and methodologies.","Computation and Language, Artificial Intelligence, Software Engineering"
Computer Vision and Pattern Recognition Research 23,"The topic of Computer Vision and Pattern Recognition is highly important in the field of computer science. Covers image processing, computer vision, pattern recognition, and scene understanding. Roughly includes material in ACM Subject Classes I.2.10, I.4, and I.5. This field is evolving rapidly, influencing various industries and research domains. Experts in Computer Vision and Pattern Recognition focus on improving and solving challenges in this area to drive technological advancements. From academic research to practical applications, the domain of Computer Vision and Pattern Recognition plays a significant role in shaping future technologies. The relevance of Computer Vision and Pattern Recognition continues to grow, and it is widely regarded as one of the pivotal areas in modern computing. Research in Computer Vision and Pattern Recognition often includes cutting-edge techniques and methodologies.","Computer Vision and Pattern Recognition, Artificial Intelligence, Computation and Language"
Databases Research 24,"The topic of Databases is highly important in the field of computer science. Covers database management, datamining, and data processing. This field is evolving rapidly, influencing various industries and research domains. Experts in Databases focus on improving and solving challenges in this area to drive technological advancements. From academic research to practical applications, the domain of Databases plays a significant role in shaping future technologies. The relevance of Databases continues to grow, and it is widely regarded as one of the pivotal areas in modern computing. Research in Databases often includes cutting-edge techniques and methodologies.","Databases, Computation and Language, Networking and Internet Architecture"
Data Structures and Algorithms Research 25,"The topic of Data Structures and Algorithms is highly important in the field of computer science. Covers data structures and analysis of algorithms. This field is evolving rapidly, influencing various industries and research domains. Experts in Data Structures and Algorithms focus on improving and solving challenges in this area to drive technological advancements. From academic research to practical applications, the domain of Data Structures and Algorithms plays a significant role in shaping future technologies. The relevance of Data Structures and Algorithms continues to grow, and it is widely regarded as one of the pivotal areas in modern computing. Research in Data Structures and Algorithms often includes cutting-edge techniques and methodologies.","Data Structures and Algorithms, Networking and Internet Architecture, Software Engineering"
Human-Computer Interaction Research 26,"The topic of Human-Computer Interaction is highly important in the field of computer science. Covers human factors, user interfaces, and collaborative computing. Roughly includes material in ACM Subject Classes H.1.2 and all of H.5, except for H.5.1, which is more likely to have Multimedia as the primary subject area. This field is evolving rapidly, influencing various industries and research domains. Experts in Human-Computer Interaction focus on improving and solving challenges in this area to drive technological advancements. From academic research to practical applications, the domain of Human-Computer Interaction plays a significant role in shaping future technologies. The relevance of Human-Computer Interaction continues to grow, and it is widely regarded as one of the pivotal areas in modern computing. Research in Human-Computer Interaction often includes cutting-edge techniques and methodologies.","Human-Computer Interaction, Computation and Language, Artificial Intelligence"
Machine Learning Research 27,"The topic of Machine Learning is highly important in the field of computer science. Papers on all aspects of machine learning research (supervised, unsupervised, reinforcement learning, bandit problems, and so on) including also robustness, explanation, fairness, and methodology. cs.LG is also an appropriate primary category for applications of machine learning methods. This field is evolving rapidly, influencing various industries and research domains. Experts in Machine Learning focus on improving and solving challenges in this area to drive technological advancements. From academic research to practical applications, the domain of Machine Learning plays a significant role in shaping future technologies. The relevance of Machine Learning continues to grow, and it is widely regarded as one of the pivotal areas in modern computing. Research in Machine Learning often includes cutting-edge techniques and methodologies.","Machine Learning, Artificial Intelligence, Computation and Language"
Multiagent Systems Research 28,"The topic of Multiagent Systems is highly important in the field of computer science. Covers multiagent systems, distributed artificial intelligence, intelligent agents, coordinated interactions. and practical applications. This field is evolving rapidly, influencing various industries and research domains. Experts in Multiagent Systems focus on improving and solving challenges in this area to drive technological advancements. From academic research to practical applications, the domain of Multiagent Systems plays a significant role in shaping future technologies. The relevance of Multiagent Systems continues to grow, and it is widely regarded as one of the pivotal areas in modern computing. Research in Multiagent Systems often includes cutting-edge techniques and methodologies.","Multiagent Systems, Artificial Intelligence, Computation and Language"
Networking and Internet Architecture Research 29,"The topic of Networking and Internet Architecture is highly important in the field of computer science. Covers all aspects of computer communication networks, including network architecture and design, network protocols, and internetwork standards (like TCP/IP). Also includes topics, such as web caching, that are directly relevant to Internet architecture and performance. This field is evolving rapidly, influencing various industries and research domains. Experts in Networking and Internet Architecture focus on improving and solving challenges in this area to drive technological advancements. From academic research to practical applications, the domain of Networking and Internet Architecture plays a significant role in shaping future technologies. The relevance of Networking and Internet Architecture continues to grow, and it is widely regarded as one of the pivotal areas in modern computing. Research in Networking and Internet Architecture often includes cutting-edge techniques and methodologies.","Networking and Internet Architecture, Computation and Language, Artificial Intelligence"
Software Engineering Research 30,"The topic of Software Engineering is highly important in the field of computer science. Covers design tools, software metrics, testing and debugging, programming environments, etc. Roughly includes material in all of ACM Subject Classes D.2, except that D.2.4 (program verification) should probably have Logics in Computer Science as the primary subject area. This field is evolving rapidly, influencing various industries and research domains. Experts in Software Engineering focus on improving and solving challenges in this area to drive technological advancements. From academic research to practical applications, the domain of Software Engineering plays a significant role in shaping future technologies. The relevance of Software Engineering continues to grow, and it is widely regarded as one of the pivotal areas in modern computing. Research in Software Engineering often includes cutting-edge techniques and methodologies.","Software Engineering, Human-Computer Interaction, Computation and Language"
Artificial Intelligence Research 31,"The topic of Artificial Intelligence is highly important in the field of computer science. Covers all areas of AI except Vision, Robotics, Machine Learning, Multiagent Systems, and Computation and Language (Natural Language Processing), which have separate subject areas. In particular, includes Expert Systems, Theorem Proving (although this may overlap with Logic in Computer Science), Knowledge Representation, Planning, and Uncertainty in AI. This field is evolving rapidly, influencing various industries and research domains. Experts in Artificial Intelligence focus on improving and solving challenges in this area to drive technological advancements. From academic research to practical applications, the domain of Artificial Intelligence plays a significant role in shaping future technologies. The relevance of Artificial Intelligence continues to grow, and it is widely regarded as one of the pivotal areas in modern computing. Research in Artificial Intelligence often includes cutting-edge techniques and methodologies.","Artificial Intelligence, Computation and Language, Multiagent Systems"
Computation and Language Research 32,"The topic of Computation and Language is highly important in the field of computer science. Covers natural language processing. Roughly includes material in ACM Subject Class I.2.7. Note that work on artificial languages (programming languages, logics, formal systems) that does not explicitly address natural-language issues broadly construed (natural-language processing, computational linguistics, speech, text retrieval, etc.) is not appropriate for this area. This field is evolving rapidly, influencing various industries and research domains. Experts in Computation and Language focus on improving and solving challenges in this area to drive technological advancements. From academic research to practical applications, the domain of Computation and Language plays a significant role in shaping future technologies. The relevance of Computation and Language continues to grow, and it is widely regarded as one of the pivotal areas in modern computing. Research in Computation and Language often includes cutting-edge techniques and methodologies.","Computation and Language, Artificial Intelligence, Software Engineering"
Computer Vision and Pattern Recognition Research 33,"The topic of Computer Vision and Pattern Recognition is highly important in the field of computer science. Covers image processing, computer vision, pattern recognition, and scene understanding. Roughly includes material in ACM Subject Classes I.2.10, I.4, and I.5. This field is evolving rapidly, influencing various industries and research domains. Experts in Computer Vision and Pattern Recognition focus on improving and solving challenges in this area to drive technological advancements. From academic research to practical applications, the domain of Computer Vision and Pattern Recognition plays a significant role in shaping future technologies. The relevance of Computer Vision and Pattern Recognition continues to grow, and it is widely regarded as one of the pivotal areas in modern computing. Research in Computer Vision and Pattern Recognition often includes cutting-edge techniques and methodologies.","Computer Vision and Pattern Recognition, Artificial Intelligence, Computation and Language"
Databases Research 34,"The topic of Databases is highly important in the field of computer science. Covers database management, datamining, and data processing. This field is evolving rapidly, influencing various industries and research domains. Experts in Databases focus on improving and solving challenges in this area to drive technological advancements. From academic research to practical applications, the domain of Databases plays a significant role in shaping future technologies. The relevance of Databases continues to grow, and it is widely regarded as one of the pivotal areas in modern computing. Research in Databases often includes cutting-edge techniques and methodologies.","Databases, Computation and Language, Networking and Internet Architecture"
Data Structures and Algorithms Research 35,"The topic of Data Structures and Algorithms is highly important in the field of computer science. Covers data structures and analysis of algorithms. This field is evolving rapidly, influencing various industries and research domains. Experts in Data Structures and Algorithms focus on improving and solving challenges in this area to drive technological advancements. From academic research to practical applications, the domain of Data Structures and Algorithms plays a significant role in shaping future technologies. The relevance of Data Structures and Algorithms continues to grow, and it is widely regarded as one of the pivotal areas in modern computing. Research in Data Structures and Algorithms often includes cutting-edge techniques and methodologies.","Data Structures and Algorithms, Networking and Internet Architecture, Software Engineering"
Human-Computer Interaction Research 36,"The topic of Human-Computer Interaction is highly important in the field of computer science. Covers human factors, user interfaces, and collaborative computing. Roughly includes material in ACM Subject Classes H.1.2 and all of H.5, except for H.5.1, which is more likely to have Multimedia as the primary subject area. This field is evolving rapidly, influencing various industries and research domains. Experts in Human-Computer Interaction focus on improving and solving challenges in this area to drive technological advancements. From academic research to practical applications, the domain of Human-Computer Interaction plays a significant role in shaping future technologies. The relevance of Human-Computer Interaction continues to grow, and it is widely regarded as one of the pivotal areas in modern computing. Research in Human-Computer Interaction often includes cutting-edge techniques and methodologies.","Human-Computer Interaction, Computation and Language, Artificial Intelligence"
Machine Learning Research 37,"The topic of Machine Learning is highly important in the field of computer science. Papers on all aspects of machine learning research (supervised, unsupervised, reinforcement learning, bandit problems, and so on) including also robustness, explanation, fairness, and methodology. cs.LG is also an appropriate primary category for applications of machine learning methods. This field is evolving rapidly, influencing various industries and research domains. Experts in Machine Learning focus on improving and solving challenges in this area to drive technological advancements. From academic research to practical applications, the domain of Machine Learning plays a significant role in shaping future technologies. The relevance of Machine Learning continues to grow, and it is widely regarded as one of the pivotal areas in modern computing. Research in Machine Learning often includes cutting-edge techniques and methodologies.","Machine Learning, Artificial Intelligence, Computation and Language"
Multiagent Systems Research 38,"The topic of Multiagent Systems is highly important in the field of computer science. Covers multiagent systems, distributed artificial intelligence, intelligent agents, coordinated interactions. and practical applications. This field is evolving rapidly, influencing various industries and research domains. Experts in Multiagent Systems focus on improving and solving challenges in this area to drive technological advancements. From academic research to practical applications, the domain of Multiagent Systems plays a significant role in shaping future technologies. The relevance of Multiagent Systems continues to grow, and it is widely regarded as one of the pivotal areas in modern computing. Research in Multiagent Systems often includes cutting-edge techniques and methodologies.","Multiagent Systems, Artificial Intelligence, Computation and Language"
Networking and Internet Architecture Research 39,"The topic of Networking and Internet Architecture is highly important in the field of computer science. Covers all aspects of computer communication networks, including network architecture and design, network protocols, and internetwork standards (like TCP/IP). Also includes topics, such as web caching, that are directly relevant to Internet architecture and performance. This field is evolving rapidly, influencing various industries and research domains. Experts in Networking and Internet Architecture focus on improving and solving challenges in this area to drive technological advancements. From academic research to practical applications, the domain of Networking and Internet Architecture plays a significant role in shaping future technologies. The relevance of Networking and Internet Architecture continues to grow, and it is widely regarded as one of the pivotal areas in modern computing. Research in Networking and Internet Architecture often includes cutting-edge techniques and methodologies.","Networking and Internet Architecture, Computation and Language, Artificial Intelligence"
Software Engineering Research 40,"The topic of Software Engineering is highly important in the field of computer science. Covers design tools, software metrics, testing and debugging, programming environments, etc. Roughly includes material in all of ACM Subject Classes D.2, except that D.2.4 (program verification) should probably have Logics in Computer Science as the primary subject area. This field is evolving rapidly, influencing various industries and research domains. Experts in Software Engineering focus on improving and solving challenges in this area to drive technological advancements. From academic research to practical applications, the domain of Software Engineering plays a significant role in shaping future technologies. The relevance of Software Engineering continues to grow, and it is widely regarded as one of the pivotal areas in modern computing. Research in Software Engineering often includes cutting-edge techniques and methodologies.","Software Engineering, Human-Computer Interaction, Computation and Language"
Artificial Intelligence Research 41,"The topic of Artificial Intelligence is highly important in the field of computer science. Covers all areas of AI except Vision, Robotics, Machine Learning, Multiagent Systems, and Computation and Language (Natural Language Processing), which have separate subject areas. In particular, includes Expert Systems, Theorem Proving (although this may overlap with Logic in Computer Science), Knowledge Representation, Planning, and Uncertainty in AI. This field is evolving rapidly, influencing various industries and research domains. Experts in Artificial Intelligence focus on improving and solving challenges in this area to drive technological advancements. From academic research to practical applications, the domain of Artificial Intelligence plays a significant role in shaping future technologies. The relevance of Artificial Intelligence continues to grow, and it is widely regarded as one of the pivotal areas in modern computing. Research in Artificial Intelligence often includes cutting-edge techniques and methodologies.","Artificial Intelligence, Computation and Language, Multiagent Systems"
Computation and Language Research 42,"The topic of Computation and Language is highly important in the field of computer science. Covers natural language processing. Roughly includes material in ACM Subject Class I.2.7. Note that work on artificial languages (programming languages, logics, formal systems) that does not explicitly address natural-language issues broadly construed (natural-language processing, computational linguistics, speech, text retrieval, etc.) is not appropriate for this area. This field is evolving rapidly, influencing various industries and research domains. Experts in Computation and Language focus on improving and solving challenges in this area to drive technological advancements. From academic research to practical applications, the domain of Computation and Language plays a significant role in shaping future technologies. The relevance of Computation and Language continues to grow, and it is widely regarded as one of the pivotal areas in modern computing. Research in Computation and Language often includes cutting-edge techniques and methodologies.","Computation and Language, Artificial Intelligence, Software Engineering"
Computer Vision and Pattern Recognition Research 43,"The topic of Computer Vision and Pattern Recognition is highly important in the field of computer science. Covers image processing, computer vision, pattern recognition, and scene understanding. Roughly includes material in ACM Subject Classes I.2.10, I.4, and I.5. This field is evolving rapidly, influencing various industries and research domains. Experts in Computer Vision and Pattern Recognition focus on improving and solving challenges in this area to drive technological advancements. From academic research to practical applications, the domain of Computer Vision and Pattern Recognition plays a significant role in shaping future technologies. The relevance of Computer Vision and Pattern Recognition continues to grow, and it is widely regarded as one of the pivotal areas in modern computing. Research in Computer Vision and Pattern Recognition often includes cutting-edge techniques and methodologies.","Computer Vision and Pattern Recognition, Artificial Intelligence, Computation and Language"
Databases Research 44,"The topic of Databases is highly important in the field of computer science. Covers database management, datamining, and data processing. This field is evolving rapidly, influencing various industries and research domains. Experts in Databases focus on improving and solving challenges in this area to drive technological advancements. From academic research to practical applications, the domain of Databases plays a significant role in shaping future technologies. The relevance of Databases continues to grow, and it is widely regarded as one of the pivotal areas in modern computing. Research in Databases often includes cutting-edge techniques and methodologies.","Databases, Computation and Language, Networking and Internet Architecture"
Data Structures and Algorithms Research 45,"The topic of Data Structures and Algorithms is highly important in the field of computer science. Covers data structures and analysis of algorithms. This field is evolving rapidly, influencing various industries and research domains. Experts in Data Structures and Algorithms focus on improving and solving challenges in this area to drive technological advancements. From academic research to practical applications, the domain of Data Structures and Algorithms plays a significant role in shaping future technologies. The relevance of Data Structures and Algorithms continues to grow, and it is widely regarded as one of the pivotal areas in modern computing. Research in Data Structures and Algorithms often includes cutting-edge techniques and methodologies.","Data Structures and Algorithms, Networking and Internet Architecture, Software Engineering"
Human-Computer Interaction Research 46,"The topic of Human-Computer Interaction is highly important in the field of computer science. Covers human factors, user interfaces, and collaborative computing. Roughly includes material in ACM Subject Classes H.1.2 and all of H.5, except for H.5.1, which is more likely to have Multimedia as the primary subject area. This field is evolving rapidly, influencing various industries and research domains. Experts in Human-Computer Interaction focus on improving and solving challenges in this area to drive technological advancements. From academic research to practical applications, the domain of Human-Computer Interaction plays a significant role in shaping future technologies. The relevance of Human-Computer Interaction continues to grow, and it is widely regarded as one of the pivotal areas in modern computing. Research in Human-Computer Interaction often includes cutting-edge techniques and methodologies.","Human-Computer Interaction, Computation and Language, Artificial Intelligence"
Machine Learning Research 47,"The topic of Machine Learning is highly important in the field of computer science. Papers on all aspects of machine learning research (supervised, unsupervised, reinforcement learning, bandit problems, and so on) including also robustness, explanation, fairness, and methodology. cs.LG is also an appropriate primary category for applications of machine learning methods. This field is evolving rapidly, influencing various industries and research domains. Experts in Machine Learning focus on improving and solving challenges in this area to drive technological advancements. From academic research to practical applications, the domain of Machine Learning plays a significant role in shaping future technologies. The relevance of Machine Learning continues to grow, and it is widely regarded as one of the pivotal areas in modern computing. Research in Machine Learning often includes cutting-edge techniques and methodologies.","Machine Learning, Artificial Intelligence, Computation and Language"
Multiagent Systems Research 48,"The topic of Multiagent Systems is highly important in the field of computer science. Covers multiagent systems, distributed artificial intelligence, intelligent agents, coordinated interactions. and practical applications. This field is evolving rapidly, influencing various industries and research domains. Experts in Multiagent Systems focus on improving and solving challenges in this area to drive technological advancements. From academic research to practical applications, the domain of Multiagent Systems plays a significant role in shaping future technologies. The relevance of Multiagent Systems continues to grow, and it is widely regarded as one of the pivotal areas in modern computing. Research in Multiagent Systems often includes cutting-edge techniques and methodologies.","Multiagent Systems, Artificial Intelligence, Computation and Language"
Networking and Internet Architecture Research 49,"The topic of Networking and Internet Architecture is highly important in the field of computer science. Covers all aspects of computer communication networks, including network architecture and design, network protocols, and internetwork standards (like TCP/IP). Also includes topics, such as web caching, that are directly relevant to Internet architecture and performance. This field is evolving rapidly, influencing various industries and research domains. Experts in Networking and Internet Architecture focus on improving and solving challenges in this area to drive technological advancements. From academic research to practical applications, the domain of Networking and Internet Architecture plays a significant role in shaping future technologies. The relevance of Networking and Internet Architecture continues to grow, and it is widely regarded as one of the pivotal areas in modern computing. Research in Networking and Internet Architecture often includes cutting-edge techniques and methodologies.","Networking and Internet Architecture, Computation and Language, Artificial Intelligence"
Software Engineering Research 50,"The topic of Software Engineering is highly important in the field of computer science. Covers design tools, software metrics, testing and debugging, programming environments, etc. Roughly includes material in all of ACM Subject Classes D.2, except that D.2.4 (program verification) should probably have Logics in Computer Science as the primary subject area. This field is evolving rapidly, influencing various industries and research domains. Experts in Software Engineering focus on improving and solving challenges in this area to drive technological advancements. From academic research to practical applications, the domain of Software Engineering plays a significant role in shaping future technologies. The relevance of Software Engineering continues to grow, and it is widely regarded as one of the pivotal areas in modern computing. Research in Software Engineering often includes cutting-edge techniques and methodologies.","Software Engineering, Human-Computer Interaction, Computation and Language"
